n,x0_index,method,h,iterations,grad_norm,converged,time_sec,conv_rate_est,conv_type,history
2,0,MN (Exact),,5,1.3199335589847064e-07,True,0.00853000022470951,1.78003815453976,Superlinear,"[20.248456731316587, 5.2052514028723715, 1.0278750531818488, 0.09131394557062437, 0.0010172054896760631, 1.3199335589847064e-07]"
2,0,TN (Exact),,6,6.167637816255498e-11,True,0.0045677912421524525,1.8685659871561606,Quadratic,"[20.248456731316587, 6.433058978374595, 2.9499305214479876, 0.40555905217985794, 0.014591410754126493, 2.3165571463950206e-05, 6.167637816255498e-11]"
2,0,MN (FD),0.0001,5,1.32001449936811e-07,True,0.007545874919742346,1.7800336857860903,Superlinear,"[20.248456731316587, 5.205251422386845, 1.0278750703017694, 0.09131395337385614, 0.0010172063337586955, 1.32001449936811e-07]"
2,0,TN (FD),0.0001,6,6.183539658587773e-11,True,0.009096666239202023,1.8684330752153668,Quadratic,"[20.248456731316587, 6.433058991036707, 2.9499305206794597, 0.4055590602125141, 0.014591413481314208, 2.316567509310573e-05, 6.183539658587773e-11]"
2,0,MN (FD),1e-08,5,1.319940199330674e-07,True,0.005994416773319244,1.7800378118445623,Superlinear,"[20.248456731316587, 5.205251383443209, 1.0278750602866926, 0.09131394376933426, 0.001017205829819458, 1.319940199330674e-07]"
2,0,TN (FD),1e-08,6,6.165952099102212e-11,True,0.007807583082467318,1.8685800816177929,Quadratic,"[20.248456731316587, 6.433058958984375, 2.949930516714358, 0.4055590587668972, 0.014591410783475516, 2.316555154943063e-05, 6.165952099102212e-11]"
2,0,MN (FD),1e-12,5,1.0564772585774027e-07,True,0.0022897496819496155,1.7960155486205192,Superlinear,"[20.248456731316587, 5.206170038373308, 1.0278385429105223, 0.09127873197611976, 0.0010120132484283118, 1.0564772585774027e-07]"
2,0,TN (FD),1e-12,6,8.754666890819494e-10,True,0.005085458979010582,1.7308323138381194,Superlinear,"[20.248456731316587, 6.433631778346992, 2.949948061152525, 0.405429498353775, 0.01457963902925612, 2.2871762396231123e-05, 8.754666890819494e-10]"
2,1,MN (Exact),,6,2.2730661481922925e-06,True,0.008030625060200691,1.7203796265854245,Superlinear,"[97.84498202188854, 27.78677837239347, 7.378610762293587, 1.6064646498581967, 0.19000865023397426, 0.004227311765277533, 2.2730661481922925e-06]"
2,1,TN (Exact),,7,9.516535394942469e-10,True,0.0020247497595846653,1.8431882982341907,Quadratic,"[97.84498202188854, 30.330061793191508, 9.292834918377771, 3.647653663232402, 0.5724713700579547, 0.028513614194024605, 9.021377710479266e-05, 9.516535394942469e-10]"
2,1,MN (FD),0.0001,6,2.2731005239967322e-06,True,0.003075291868299246,1.7203783512216964,Superlinear,"[97.84498202188854, 27.786778405691607, 7.378610793651135, 1.6064646720864166, 0.19000866129995778, 0.004227313569934061, 2.2731005239967322e-06]"
2,1,TN (FD),0.0001,7,9.522903337521835e-10,True,0.004326582886278629,1.8431497163361108,Quadratic,"[97.84498202188854, 30.33006182158144, 9.292834939114519, 3.647653662834353, 0.5724713796067349, 0.02851361809226567, 9.021399178515133e-05, 9.522903337521835e-10]"
2,1,MN (FD),1e-08,6,2.2730607840561404e-06,True,0.004352665971964598,1.7203798156752186,Superlinear,"[97.84498202188854, 27.786778180358453, 7.378610622478999, 1.606464658635462, 0.1900086499504341, 0.004227310768175687, 2.2730607840561404e-06]"
2,1,TN (FD),1e-08,7,9.51650446582766e-10,True,0.004475875291973352,1.843188549293312,Quadratic,"[97.84498202188854, 30.330061620805928, 9.292834850531207, 3.647653679838604, 0.5724713947579629, 0.028513615156791957, 9.021385273866025e-05, 9.51650446582766e-10]"
2,1,MN (FD),1e-12,6,2.2215034236725163e-06,True,0.004792999941855669,1.7222099815065246,Superlinear,"[97.84498202188854, 27.789464198350263, 7.380475364281133, 1.6065612401832843, 0.1899617864341225, 0.004223031675110282, 2.2215034236725163e-06]"
2,1,TN (FD),1e-12,7,3.592198316760471e-09,True,0.008661792147904634,1.766192730677809,Superlinear,"[97.84498202188854, 30.33239407269145, 9.294190153092742, 3.6473907112369908, 0.5723787192469141, 0.028491403678545753, 9.018151208650651e-05, 3.592198316760471e-09]"
2,2,MN (Exact),,6,1.0054520934530692e-06,True,0.010494249872863293,1.7249422779212467,Superlinear,"[122.50316168603784, 33.281879410695254, 8.41249040278883, 1.6938155637173633, 0.17433950811987584, 0.0029999379103975124, 1.0054520934530692e-06]"
2,2,TN (Exact),,7,1.648792776939135e-08,True,0.0023882086388766766,1.8076238500127098,Quadratic,"[122.50316168603784, 32.966009614158544, 12.36825962092851, 4.69538532524123, 0.8354018804322726, 0.05763107745449934, 0.0003725705422048269, 1.648792776939135e-08]"
2,2,MN (FD),0.0001,6,1.0054730046615188e-06,True,0.0049133338034152985,1.7249406187826597,Superlinear,"[122.50316168603784, 33.281879436413334, 8.41249042741766, 1.6938155819473926, 0.17433951729621702, 0.0029999392576556512, 1.0054730046615188e-06]"
2,2,TN (FD),0.0001,7,1.6490625639623816e-08,True,0.005120874848216772,1.8076131285920969,Quadratic,"[122.50316168603784, 32.96600964012172, 12.368259636342977, 4.69538532358655, 0.8354018909149666, 0.05763108288995984, 0.00037257100167729777, 1.6490625639623816e-08]"
2,2,MN (FD),1e-08,6,1.0054476882493427e-06,True,0.0027319169603288174,1.724942653885126,Superlinear,"[122.50316168603784, 33.28187902294449, 8.412490216364073, 1.6938155275633395, 0.1743395022363203, 0.0029999384168531863, 1.0054476882493427e-06]"
2,2,TN (FD),1e-08,7,1.6487273312212432e-08,True,0.008314375299960375,1.8076265274779466,Quadratic,"[122.50316168603784, 32.966009308815366, 12.368259475218697, 4.69538538442553, 0.8354019135156597, 0.057631081821750384, 0.0003725707662120486, 1.6487273312212432e-08]"
2,2,MN (FD),1e-12,6,1.0458200594149015e-06,True,0.005749292206019163,1.7215756373865547,Superlinear,"[122.50316168603784, 33.286389134332225, 8.415844642747652, 1.6942723710493812, 0.17438707449964153, 0.0029969777691256534, 1.0458200594149015e-06]"
2,2,TN (FD),1e-12,7,1.864045717336933e-08,True,0.0061889998614788055,1.7987530688975173,Superlinear,"[122.50316168603784, 32.96969790436844, 12.369595338683785, 4.695424669195776, 0.8351174351794038, 0.0576111311451451, 0.0003691502017960902, 1.864045717336933e-08]"
2,3,MN (Exact),,7,1.543501738320298e-08,True,0.003217875026166439,1.8168846078923717,Quadratic,"[75.04274295766365, 58.57015028303267, 16.30563763822384, 4.090587678547175, 0.7476491667972003, 0.05297647557018525, 0.0003481579867831749, 1.543501738320298e-08]"
2,3,TN (Exact),,6,2.262593255453278e-10,True,0.0016739577986299992,1.8602400683775488,Quadratic,"[75.04274295766365, 18.923664434709348, 3.1388295677233695, 0.46493828194031234, 0.019728110497941605, 4.3818226424486887e-05, 2.262593255453278e-10]"
2,3,MN (FD),0.0001,7,1.5437726761504243e-08,True,0.004421333782374859,1.8168730521121048,Quadratic,"[75.04274295766365, 58.57014775500511, 16.305636937860946, 4.090587503079475, 0.7476491362095278, 0.052976476185135804, 0.00034815839181199333, 1.5437726761504243e-08]"
2,3,TN (FD),0.0001,6,2.2657063290987606e-10,True,0.00600929232314229,1.8601652589529287,Quadratic,"[75.04274295766365, 18.923664462302153, 3.1388295861317923, 0.46493829300882666, 0.01972811384750675, 4.3818374480857964e-05, 2.2657063290987606e-10]"
2,3,MN (FD),1e-08,7,1.543597304795699e-08,True,0.0056496248580515385,1.8168804601941941,Quadratic,"[75.04274295766365, 58.5701473740416, 16.305636486416617, 4.090587413749205, 0.7476491087257597, 0.05297646877295866, 0.0003481578177094767, 1.543597304795699e-08]"
2,3,TN (FD),1e-08,6,2.2606566376876805e-10,True,0.004088541958481073,1.860286830461808,Quadratic,"[75.04274295766365, 18.923663959858626, 3.1388295331368004, 0.4649382899387237, 0.0197281116922835, 4.381825331008021e-05, 2.2606566376876805e-10]"
2,3,MN (FD),1e-12,7,7.09363666435639e-09,True,0.003632249776273966,1.8686616065517274,Quadratic,"[75.04274295766365, 58.628664967432506, 16.323255947025295, 4.095750814435906, 0.7488056327702166, 0.0531236666332163, 0.00034862555149611085, 7.09363666435639e-09]"
2,3,TN (FD),1e-12,6,1.922615807007759e-09,True,0.003790500108152628,1.7434759590821836,Superlinear,"[75.04274295766365, 18.92933902602917, 3.1398078055587346, 0.465009562352202, 0.01972315587663745, 4.3860897269499196e-05, 1.922615807007759e-09]"
2,4,MN (Exact),,6,1.0492319560851374e-07,True,0.001402541995048523,1.7838393935735921,Superlinear,"[72.45885067248365, 20.304458260763838, 5.197893483125848, 1.0151360622819066, 0.08763934333811868, 0.0009164766222180149, 1.0492319560851374e-07]"
2,4,TN (Exact),,7,7.048823178978926e-10,True,0.0024300003424286842,1.8457897910828753,Quadratic,"[72.45885067248365, 24.816316544278806, 8.202947047187473, 3.5847312193758407, 0.5536664805787129, 0.0265755775758076, 7.78430355129661e-05, 7.048823178978926e-10]"
2,4,MN (FD),0.0001,6,1.0493023691212052e-07,True,0.0026661669835448265,1.7838345658896937,Superlinear,"[72.45885067248365, 20.30445828937682, 5.197893510033707, 1.0151360808836603, 0.0876393511063994, 0.0009164774074134368, 1.0493023691212052e-07]"
2,4,TN (FD),0.0001,7,7.054260493495199e-10,True,0.004181833006441593,1.845745890092397,Quadratic,"[72.45885067248365, 24.816316562665843, 8.202947057996155, 3.584731216658523, 0.5536664891193193, 0.02657558123089285, 7.784323267936539e-05, 7.054260493495199e-10]"
2,4,MN (FD),1e-08,6,1.0492307511107246e-07,True,0.002634500153362751,1.7838394781805242,Superlinear,"[72.45885067248365, 20.30445757017263, 5.197893231544143, 1.0151360259522977, 0.08763934407564353, 0.0009164765633831546, 1.0492307511107246e-07]"
2,4,TN (FD),1e-08,7,7.050593604306505e-10,True,0.004453666973859072,1.845775427944784,Quadratic,"[72.45885067248365, 24.816316121090658, 8.202947058190302, 3.584731275814493, 0.5536665056641408, 0.026575577726653515, 7.78430110984221e-05, 7.050593604306505e-10]"
2,4,MN (FD),1e-12,6,1.1012500799395726e-07,True,0.0032624169252812862,1.7800275108524282,Superlinear,"[72.45885067248365, 20.30490607377074, 5.198498613897108, 1.0152360533838376, 0.08764961447073505, 0.0009134511021137038, 1.1012500799395726e-07]"
2,4,TN (FD),1e-12,7,1.5849005558175835e-09,True,0.004208792001008987,1.79870274415981,Superlinear,"[72.45885067248365, 24.8166141135946, 8.203833055900525, 3.5846542329887012, 0.5535994650977171, 0.026536649796261847, 7.681037699043834e-05, 1.5849005558175835e-09]"
2,5,MN (Exact),,6,6.006020270660881e-06,True,0.00147687504068017,1.692225266578709,Superlinear,"[49.99520790744047, 34.153765727543835, 9.091085145860287, 2.0130746629771124, 0.2560836040603618, 0.007034939422695838, 6.006020270660881e-06]"
2,5,TN (Exact),,5,1.7929923292555845e-07,True,0.0013613332994282246,1.6402107547924256,Superlinear,"[49.99520790744047, 11.872449780030294, 1.318535357308158, 0.11307520158555812, 0.0012723082689669232, 1.7929923292555845e-07]"
2,5,MN (FD),0.0001,6,6.0060741378964815e-06,True,0.002620124723762274,1.692224457065332,Superlinear,"[49.99520790744047, 34.15376538094687, 9.091085031884315, 2.013074629955555, 0.2560836015266965, 0.007034940834531736, 6.0060741378964815e-06]"
2,5,TN (FD),0.0001,5,1.7930785126423955e-07,True,0.003202708438038826,1.640207243439365,Superlinear,"[49.99520790744047, 11.872449805279912, 1.3185353728020208, 0.11307520779128002, 0.0012723090741955192, 1.7930785126423955e-07]"
2,5,MN (FD),1e-08,6,6.006006358174335e-06,True,0.0030198339372873306,1.6922254551679297,Superlinear,"[49.99520790744047, 34.15376494125466, 9.091084683183153, 2.0130745395730703, 0.2560835879912443, 0.007034937916112272, 6.006006358174335e-06]"
2,5,TN (FD),1e-08,5,1.792985737007139e-07,True,0.003048915881663561,1.6402110193826498,Superlinear,"[49.99520790744047, 11.872449626520988, 1.3185353296407794, 0.11307520153980025, 0.0012723081325705249, 1.792985737007139e-07]"
2,5,MN (FD),1e-12,6,6.1577864937890635e-06,True,0.002567791845649481,1.6898992229236016,Superlinear,"[49.99520790744047, 34.145439448402044, 9.090803340439642, 2.0129680556753775, 0.2560263492977655, 0.007034976742147587, 6.1577864937890635e-06]"
2,5,TN (FD),1e-12,5,1.7450937882593107e-07,True,0.0031963749788701534,1.6417067888143169,Superlinear,"[49.99520790744047, 11.873933495307439, 1.3184359475533949, 0.11305127714502008, 0.0012653276123466713, 1.7450937882593107e-07]"
1000,0,MN (Exact),,5,1.790842933678567e-08,True,0.1327150841243565,1.7008815641113264,Superlinear,"[128.35108102388543, 28.800073137297517, 3.7580553338927873, 0.11708814195697967, 0.00039762320292298934, 1.790842933678567e-08]"
1000,0,TN (Exact),,11,1.6086718581741085e-07,True,0.009673833847045898,1.5978932679822215,Superlinear,"[128.35108102388543, 40.45321750744399, 16.27553453815107, 7.138852959831858, 3.069264247151586, 0.9442868365643171, 0.20312119966759565, 0.0741685505790586, 0.017126123245324937, 0.0014849051545396084, 5.592586221043959e-05, 1.6086718581741085e-07]"
1000,0,MN (FD),0.0001,5,1.791147393288843e-08,True,0.32484024995937943,1.700871729025257,Superlinear,"[128.35108102388543, 28.800073422688143, 3.7580555378679548, 0.11708818280186858, 0.0003976239526880157, 1.791147393288843e-08]"
1000,0,TN (FD),0.0001,11,1.608672582159108e-07,True,0.8947068341076374,1.5978933124127517,Superlinear,"[128.35108102388543, 40.45321767714236, 16.275534389219825, 7.138853075046605, 3.06926423437857, 0.9442868342607593, 0.20312119241609386, 0.07416855029885892, 0.017126124486816725, 0.001484905258766086, 5.592588672050059e-05, 1.608672582159108e-07]"
1000,0,MN (FD),1e-08,5,1.7907068222457462e-08,True,0.2633402501232922,1.700886019018828,Superlinear,"[128.35108102388543, 28.800072705250688, 3.7580555204016677, 0.11708814281199194, 0.00039762308340085144, 1.7907068222457462e-08]"
1000,0,TN (FD),1e-08,11,1.608672319441171e-07,True,0.9119973331689835,1.5978933255687426,Superlinear,"[128.35108102388543, 40.453217240161685, 16.275534657283572, 7.138852896366479, 3.0692642518665614, 0.9442868399612915, 0.20312120303464995, 0.07416855046872613, 0.017126124775074972, 0.0014849053032535222, 5.592588404241716e-05, 1.608672319441171e-07]"
1000,0,MN (FD),1e-12,5,3.1198696077823994e-08,True,0.24597025010734797,1.6682219562917127,Superlinear,"[128.35108102388543, 28.800258400635716, 3.757303274431337, 0.11690189571409897, 0.0003971861144825567, 3.1198696077823994e-08]"
1000,0,TN (FD),1e-12,11,1.6011392766542273e-07,True,0.9101090827025473,1.597444318209326,Superlinear,"[128.35108102388543, 40.453443885654224, 16.275133119913466, 7.139201885684707, 3.0694148110637327, 0.9441389416175561, 0.20306210525180976, 0.07413967113039127, 0.017103815230986908, 0.0014828377431026594, 5.5679883723936125e-05, 1.6011392766542273e-07]"
1000,1,MN (Exact),,12,1.3579528509233557e-07,True,0.12148545915260911,1.9605427954948613,Quadratic,"[1385.6122858658496, 1377.9539198019231, 1534.723551927398, 425.6078201622382, 370.8541441642972, 123.752262082904, 37.55246721144688, 8.516291707835217, 2.2324388478945663, 0.686861113008536, 0.0656867396932053, 0.0009363926692842539, 1.3579528509233557e-07]"
1000,1,TN (Exact),,15,1.3083700908957778e-06,True,0.019334999844431877,1.4204029976790356,Superlinear,"[1385.6122858658496, 406.2446150593341, 138.47131652184063, 45.834560499624594, 18.040553197397948, 17.490393066661944, 8.656500569286736, 2.870798758990893, 1.2067845736109064, 0.543223821541793, 0.2552188526444621, 0.11912805784523342, 0.02183996653965442, 0.0030922482714314486, 0.00014727214095561954, 1.3083700908957778e-06]"
1000,1,MN (FD),0.0001,12,1.3580711992702674e-07,True,0.7842008331790566,1.9605360857133152,Quadratic,"[1385.6122858658496, 1377.9539197988238, 1534.7235886258964, 425.6078321589841, 370.85425302630944, 123.75241169921996, 37.552508121338406, 8.516305062946977, 2.2324424499204225, 0.6868618021745059, 0.06568687908034403, 0.0009363977649801064, 1.3580711992702674e-07]"
1000,1,TN (FD),0.0001,15,1.3083704633403753e-06,True,1.2621005829423666,1.4204029905051163,Superlinear,"[1385.6122858658496, 406.2446153533813, 138.47131658555463, 45.83456041701945, 18.040552855272242, 17.49039254853201, 8.656500567117153, 2.8707992576226253, 1.206784739295724, 0.5432239209028238, 0.2552188895784398, 0.11912807982464549, 0.02183997119470524, 0.003092249265594645, 0.00014727215424321618, 1.3083704633403753e-06]"
1000,1,MN (FD),1e-08,12,1.1749579443196994e-07,True,0.7875547921285033,1.9608434867363913,Quadratic,"[1385.6122858658496, 1377.9538666589538, 1535.5305654786828, 425.87145718968026, 370.2738021786587, 123.0318618122697, 37.33206061053672, 8.438345258754033, 2.2051049219290495, 0.6726645439215703, 0.06345292005500203, 0.0008700616244665455, 1.1749579443196994e-07]"
1000,1,TN (FD),1e-08,15,1.3083704319017348e-06,True,1.1736516249366105,1.4204030125715301,Superlinear,"[1385.6122858658496, 406.24461228058203, 138.47131595426276, 45.83456000563168, 18.040553140508965, 17.49039269637776, 8.656500710606755, 2.8707995143331444, 1.2067848261326786, 0.5432239731659336, 0.2552189092797274, 0.11912809166554277, 0.021839973748304396, 0.0030922494150656767, 0.00014727218153571492, 1.3083704319017348e-06]"
1000,1,MN (FD),1e-12,12,1.3294857629134182,False,0.611377582885325,0.5112272345885686,Linear,"[1385.6122858658496, 1378.125817615993, 1657.882605506038, 1502.5239655125026, 1219.2228047410179, 351.93478225949866, 102.3824622998514, 28.191716747841284, 6.219900194875212, 3.136811731978501, 0.8647088921125518, 1.3359274067247493, 1.3294857629134182]"
1000,1,TN (FD),1e-12,15,1.3076240790649543e-06,True,1.147631417028606,1.4202237921331673,Superlinear,"[1385.6122858658496, 406.28738895790303, 138.48008189406534, 45.83976184566639, 18.0409033944242, 17.492788054356023, 8.655245805544, 2.865855568846828, 1.205200133331651, 0.5422637891007953, 0.2548724329448766, 0.11891788723144114, 0.02179330008342583, 0.00308496024555895, 0.00014708220091360207, 1.3076240790649543e-06]"
1000,2,MN (Exact),,10,0.07748683063190619,False,0.18065995909273624,1.0920922243248243,Linear,"[1425.0674824197913, 1414.9057798196668, 1476.731919257804, 417.83677654456443, 355.45447341380645, 93.32642551477387, 31.43695870533673, 10.089228140591727, 2.017417178430585, 0.2533884827580702, 0.07748683063190619]"
1000,2,TN (Exact),,14,1.6490702657555778e-06,True,0.014712125062942505,1.350781211593577,Superlinear,"[1425.0674824197913, 426.752328776951, 142.73748498793177, 45.178674395534365, 13.420512837305894, 6.4786718232561595, 3.0438087365840385, 1.5190877063811987, 0.702415464613621, 0.3497961669643876, 0.16265578047485832, 0.023081685382188525, 0.0032906349223546915, 0.0001546177531516656, 1.6490702657555778e-06]"
1000,2,MN (FD),0.0001,10,0.07748780869141464,False,0.7075049579143524,1.0920867458382995,Linear,"[1425.0674824197913, 1414.9057798258289, 1476.7319173872943, 417.8367759299903, 355.45442502015993, 93.32641048001035, 31.437034124367205, 10.089180355938597, 2.017411787232129, 0.2533877902914056, 0.07748780869141464]"
1000,2,TN (FD),0.0001,14,1.649069798723362e-06,True,1.0242543341591954,1.3507812522482088,Superlinear,"[1425.0674824197913, 426.75232906362436, 142.7374850344459, 45.17867431951448, 13.420512666889012, 6.478671889848796, 3.0438087149665525, 1.5190877174108657, 0.7024154582374486, 0.34979616850604206, 0.16265577868527445, 0.02308168467099932, 0.003290635215005119, 0.0001546177540963884, 1.649069798723362e-06]"
1000,2,MN (FD),1e-08,10,0.07750365300574895,False,0.5092292088083923,1.0920004264385015,Linear,"[1425.0674824197913, 1414.9061660938771, 1476.7340090935722, 417.83739141805285, 355.454290999875, 93.32639213253611, 31.438279909383027, 10.088452290980308, 2.017334481484812, 0.2533781452826017, 0.07750365300574895]"
1000,2,TN (FD),1e-08,14,1.6490702629658928e-06,True,1.0028429171070457,1.3507812143163596,Superlinear,"[1425.0674824197913, 426.7523258935605, 142.73748464643805, 45.178673936892146, 13.420512792145287, 6.478671800266056, 3.0438087361321875, 1.5190877004031602, 0.7024154656351176, 0.34979616613436165, 0.16265578077951445, 0.02308168497586948, 0.003290635012031286, 0.00015461775502952508, 1.6490702629658928e-06]"
1000,2,MN (FD),1e-12,12,0.286477979303802,False,0.6181137911044061,-0.11694683993045703,Linear,"[1425.0674824197913, 1413.5607019621243, 1417.2972183066709, 398.6344409032364, 346.47570715811287, 90.17879306633677, 27.26758889967268, 23.49113606629391, 5.433588515526967, 0.8607423466188674, 0.12162465615287868, 0.046925474891071024, 0.286477979303802]"
1000,2,TN (FD),1e-12,14,1.6507126270012382e-06,True,0.971351208165288,1.3506758294253853,Superlinear,"[1425.0674824197913, 426.7932225769663, 142.74255416931828, 45.182782824957, 13.420808501700174, 6.479318455774288, 3.043923581316584, 1.5192085328408889, 0.7024290882732896, 0.3498195177532661, 0.16265769957825413, 0.023084371154168896, 0.003290264232640037, 0.00015463135565571293, 1.6507126270012382e-06]"
1000,3,MN (Exact),,12,2.2919332097387865e-06,True,0.1269685416482389,1.6691995257189463,Superlinear,"[1429.3500449240948, 1426.1150957376067, 1425.8582130195362, 2190.492744544188, 639.0726750872102, 198.60960893671933, 54.50160839582951, 14.731479317089347, 3.7246163247160213, 0.7605763622173402, 0.09395262800983516, 0.002712121229396125, 2.2919332097387865e-06]"
1000,3,TN (Exact),,13,6.006151779273882e-08,True,0.03239166596904397,1.5572489384083579,Superlinear,"[1429.3500449240948, 425.5305149533286, 137.29697022019127, 43.99559127214581, 15.7585889677932, 5.507341558959273, 2.7424671473947515, 1.2365876856241194, 0.21982999221065863, 0.0656176468354853, 0.014493584449848438, 0.000975120956874237, 1.6223096572144267e-05, 6.006151779273882e-08]"
1000,3,MN (FD),0.0001,12,2.291972109864593e-06,True,0.7500093751586974,1.6691980423469988,Superlinear,"[1429.3500449240948, 1426.1150957375116, 1425.8582121374388, 2190.492827354773, 639.0726997771442, 198.60961581736476, 54.50161053898993, 14.73148001711876, 3.724616553745971, 0.7605764310492924, 0.09395264558831296, 0.002712123534418495, 2.291972109864593e-06]"
1000,3,TN (FD),0.0001,13,6.006150479162834e-08,True,1.083662916906178,1.557248992229902,Superlinear,"[1429.3500449240948, 425.53051525420335, 137.2969702865448, 43.99559119886377, 15.758588683324216, 5.507341561723076, 2.742467167530264, 1.236587692141503, 0.21982999014413157, 0.06561764684058297, 0.014493585342708401, 0.0009751210154279002, 1.6223099188914335e-05, 6.006150479162834e-08]"
1000,3,MN (FD),1e-08,12,2.261283109792339e-06,True,0.5524065420031548,1.6695321841728081,Superlinear,"[1429.3500449240948, 1426.1150994357379, 1425.8891788793267, 2187.596232115786, 638.2089927215536, 198.36878152055468, 54.426613411355774, 14.707967540830426, 3.717459943179558, 0.7586996600563432, 0.09362105684514652, 0.0026940523596206633, 2.261283109792339e-06]"
1000,3,TN (FD),1e-08,13,6.006150829334829e-08,True,1.0699849999509752,1.557248974125481,Superlinear,"[1429.3500449240948, 425.5305120378254, 137.2969697897775, 43.99559084163595, 15.75858889780185, 5.507341516891404, 2.7424671395093068, 1.2365876741289454, 0.21982998673895296, 0.06561764491175268, 0.0144935847305855, 0.0009751209931792107, 1.6223097458967468e-05, 6.006150829334829e-08]"
1000,3,MN (FD),1e-12,15,7.082099330066296e-08,True,0.7739161672070622,1.7415258775722258,Superlinear,"[1429.3500449240948, 1426.3568643399537, 1418.7371730651569, 973.7192224368465, 958.7809705637285, 799.5254837114741, 541.4431122742966, 537.4486802895353, 156.749725065344, 46.2982968181598, 12.215316004187642, 2.987847702157916, 0.550370479981684, 0.04493526229200601, 0.0004576740476447269, 7.082099330066296e-08]"
1000,3,TN (FD),1e-12,13,6.011047039343934e-08,True,1.133079791907221,1.557119582464715,Superlinear,"[1429.3500449240948, 425.56997229858644, 137.3030950769756, 44.00033329006448, 15.758857095800815, 5.507991228930256, 2.7427580042246347, 1.236785867840334, 0.21987230725274137, 0.06563095234552349, 0.014494741271010771, 0.0009752713011472983, 1.621981157072332e-05, 6.011047039343934e-08]"
1000,4,MN (Exact),,17,6.876034351080885e-08,True,0.25432525016367435,2.1036321181517246,Quadratic,"[1399.6593080256666, 1390.245108371628, 924.1203648078325, 895.3761440326476, 932.6250092768469, 255.50206543506292, 201.60577584272508, 117.25715605560248, 32.629180350419915, 10.197553954913829, 2.96823005913775, 0.949634904689732, 1.472266178930653, 0.9914715758372482, 0.34139139492500303, 0.012054180199828003, 0.00020148686093086259, 6.876034351080885e-08]"
1000,4,TN (Exact),,12,2.0816434583411537e-07,True,0.011451332829892635,1.5661655171622915,Superlinear,"[1399.6593080256666, 421.9519897847867, 142.26200975084961, 46.7665404019221, 14.636223999644704, 5.107471855089348, 1.3848122130383622, 0.5287447983297324, 0.14543919775768724, 0.03301859348269879, 0.0019951351225078826, 5.0819056976525036e-05, 2.0816434583411537e-07]"
1000,4,MN (FD),0.0001,17,6.882373441771366e-08,True,0.9084618329070508,2.1033544010847156,Quadratic,"[1399.6593080256666, 1390.2451083423696, 924.1203648719181, 895.3761521521847, 932.6814930777231, 255.57531745068448, 201.6138033598445, 117.25890985284695, 32.62967633456924, 10.197657556571263, 2.968280802310357, 0.9496568201539877, 1.471344164754143, 0.9918082030218467, 0.34140076204576814, 0.012052699541192478, 0.00020158320792166263, 6.882373441771366e-08]"
1000,4,TN (FD),0.0001,12,2.0816433121807037e-07,True,0.988330707885325,1.5661655344549474,Superlinear,"[1399.6593080256666, 421.95199006923406, 142.26200977803663, 46.76654029846487, 14.636223764664958, 5.107471889002262, 1.3848122082548264, 0.52874479159206, 0.14543919260555074, 0.03301859314516939, 0.0019951351306765164, 5.0819057567493594e-05, 2.0816433121807037e-07]"
1000,4,MN (FD),1e-08,17,6.824800065097348e-08,True,0.9001555419526994,2.10625442384268,Quadratic,"[1399.6593080256666, 1390.245801843468, 924.120379981309, 895.3760563718316, 932.07864756381, 254.77108704016888, 201.52552668480817, 117.23807741975745, 32.623748936591774, 10.196447660654982, 2.9677201455227697, 0.949505449559423, 1.4811916705900794, 0.9882346897606571, 0.34132228266063475, 0.012070765416072254, 0.000200599540208276, 6.824800065097348e-08]"
1000,4,TN (FD),1e-08,12,2.081643363458328e-07,True,0.9899772079661489,1.5661655199775668,Superlinear,"[1399.6593080256666, 421.95198729890285, 142.2620095785194, 46.766539863705596, 14.63622391219987, 5.107471830973819, 1.3848121880234534, 0.5287447822383687, 0.14543919486405396, 0.033018593004415765, 0.0019951351274038343, 5.081905584461299e-05, 2.081643363458328e-07]"
1000,4,MN (FD),1e-12,11,1.3732509898721963,False,0.5844775000587106,0.7704150975150256,Linear,"[1399.6593080256666, 1388.8731521183847, 931.9665323345885, 914.5824290876974, 866.7587154758428, 227.56867382225045, 222.5210827944695, 74.27835808344342, 18.95284721063342, 7.11445182800595, 2.1108553436165436, 1.3732509898721963]"
1000,4,TN (FD),1e-12,12,2.0844971676815707e-07,True,0.99507095804438,1.5660203574672458,Superlinear,"[1399.6593080256666, 421.9881772559542, 142.26461663032134, 46.772318021079506, 14.637135104541558, 5.108005268133994, 1.3851167657272707, 0.5288654059957266, 0.14545244312784747, 0.03302049400677224, 0.001995194643298184, 5.0815345496320125e-05, 2.0844971676815707e-07]"
1000,5,MN (Exact),,14,4.515457522329321e-09,True,0.07237987499684095,1.7983069858317784,Superlinear,"[1495.405687942301, 1482.058338651156, 1413.861613388427, 1170.2324276714535, 1170.0803244673525, 1422.625262163367, 1145.3109763957339, 328.46162389524267, 92.50004421155363, 24.556462246838727, 5.637383216092626, 0.8854921393887957, 0.04825576053000851, 0.00018700978176481635, 4.515457522329321e-09]"
1000,5,TN (Exact),,13,7.660895634857271e-08,True,0.013846707995980978,1.5477762473835928,Superlinear,"[1495.405687942301, 438.4116778969419, 145.25877222625044, 44.52735802575356, 12.851536976942352, 9.035834906557582, 2.8111773299910894, 1.215283668544613, 0.4476449961692486, 0.06388664619489061, 0.013490299066989184, 0.0009195708389430744, 2.2737087861587895e-05, 7.660895634857271e-08]"
1000,5,MN (FD),0.0001,14,4.516840587769272e-09,True,0.43720991676673293,1.798288750620028,Superlinear,"[1495.405687942301, 1482.0583386350456, 1413.8616132339803, 1170.2324281543588, 1170.0803257431096, 1422.625297882053, 1145.3109801413918, 328.4616250015866, 92.50004448654245, 24.556462315867954, 5.637383289875292, 0.8854921877855848, 0.04825577127486903, 0.00018701018329812265, 4.516840587769272e-09]"
1000,5,TN (FD),0.0001,13,7.660894680497527e-08,True,1.0441740406677127,1.5477762881714947,Superlinear,"[1495.405687942301, 438.4116781981502, 145.25877229386583, 44.52735797436957, 12.851536826336863, 9.035834770606385, 2.811177283002885, 1.2152836446581268, 0.44764498890018756, 0.06388664434051013, 0.013490299798676516, 0.0009195708135270951, 2.2737086728962786e-05, 7.660894680497527e-08]"
1000,5,MN (FD),1e-08,14,4.527716361838372e-09,True,0.4382807076908648,1.7982815756105222,Superlinear,"[1495.405687942301, 1482.058498353028, 1413.859528124729, 1170.23558631145, 1170.0981104557034, 1422.9205135249156, 1145.5442090628885, 328.530360839215, 92.51938422152854, 24.56162411222207, 5.638937318743576, 0.885852002862843, 0.04829128654308744, 0.00018728219119222325, 4.527716361838372e-09]"
1000,5,TN (FD),1e-08,13,7.66089566277627e-08,True,1.035508249886334,1.547776263751472,Superlinear,"[1495.405687942301, 438.41167534285665, 145.25877168261306, 44.52735752426705, 12.851536931931781, 9.035834932947902, 2.8111773781621694, 1.2152836745876632, 0.4476449976766938, 0.06388664586240368, 0.013490299670163752, 0.0009195708344789756, 2.2737086991679362e-05, 7.66089566277627e-08]"
1000,5,MN (FD),1e-12,14,3.374622203801178e-06,True,0.5804802919737995,1.6471571792051185,Superlinear,"[1495.405687942301, 1483.2852765437658, 1373.8539710703055, 1779.0747215444412, 1725.7947087839812, 1545.3505574956625, 457.6611405852055, 141.28652222849433, 45.16000498249902, 11.638715653232254, 2.927495527808359, 0.6091048941741134, 0.08217499914065886, 0.002724090725355289, 3.374622203801178e-06]"
1000,5,TN (FD),1e-12,13,7.656382996417006e-08,True,1.1541085420176387,1.547792301361369,Superlinear,"[1495.405687942301, 438.45268848149914, 145.2675076790276, 44.53352705870097, 12.852024124491255, 9.038211903022633, 2.8118442800200234, 1.21558204685017, 0.44770810995170984, 0.06390023486642844, 0.01349012906783272, 0.0009195176802278086, 2.2746551741560827e-05, 7.656382996417006e-08]"
10000,0,MN (Exact),,0,400.5920618284891,False,0.0006249169819056988,,N/A (Too fast/Unstable),[400.5920618284891]
10000,0,TN (Exact),,11,6.54126033324009e-06,True,0.03631941694766283,1.463788116546862,Superlinear,"[400.5920618284891, 94.4108652026861, 22.33136222819022, 7.613690995024001, 2.6052974329288197, 0.9161075534930408, 0.4420180037672661, 0.18698209580262495, 0.043919448948975544, 0.009164342812291733, 0.0003905553024016114, 6.54126033324009e-06]"
10000,0,MN (FD),0.0001,0,400.5920618284891,False,0.0003625419922173023,,N/A (Too fast/Unstable),[400.5920618284891]
10000,0,TN (FD),0.0001,11,6.541261649543305e-06,True,7.453635874669999,1.463788115008563,Superlinear,"[400.5920618284891, 94.41086605109471, 22.33136229469996, 7.613690722382347, 2.6052973930826613, 0.9161075628349982, 0.4420179999467694, 0.1869820991393725, 0.043919449335867194, 0.009164343614822492, 0.0003905552986659749, 6.541261649543305e-06]"
10000,0,MN (FD),1e-08,0,400.5920618284891,False,0.0003505423665046692,,N/A (Too fast/Unstable),[400.5920618284891]
10000,0,TN (FD),1e-08,11,6.541261127919372e-06,True,8.022892749868333,1.4637881247521722,Superlinear,"[400.5920618284891, 94.41086390837764, 22.331362141174324, 7.613691099418906, 2.6052974571355336, 0.9161075881077859, 0.4420180149172506, 0.18698210468922874, 0.04391945141713439, 0.009164343698698549, 0.0003905553484163677, 6.541261127919372e-06]"
10000,0,MN (FD),1e-12,0,400.5920618284891,False,0.0003197919577360153,,N/A (Too fast/Unstable),[400.5920618284891]
10000,0,TN (FD),1e-12,11,6.537036043593988e-06,True,7.574305166956037,1.4640474053197927,Superlinear,"[400.5920618284891, 94.41099713909396, 22.331130472597156, 7.61451343398139, 2.6056539422094867, 0.916301195997557, 0.44204668652892865, 0.18702893415567956, 0.043931553777038355, 0.009172037061748418, 0.00039067726154449193, 6.537036043593988e-06]"
10000,1,MN (Exact),,0,4484.79777781501,False,0.0005633332766592503,,N/A (Too fast/Unstable),[4484.79777781501]
10000,1,TN (Exact),,14,4.2553540262758005e-06,True,0.060766459442675114,1.4587332323011202,Superlinear,"[4484.79777781501, 1330.068185668769, 454.84243569931033, 147.08864095307175, 43.49998881813725, 20.748288970134144, 7.947684163687503, 3.4042360045698246, 0.9569693588990444, 0.41722783245035444, 0.15403369617027357, 0.03850809077496449, 0.006253900203124429, 0.00029103917522405406, 4.2553540262758005e-06]"
10000,1,MN (FD),0.0001,0,4484.79777781501,False,0.0003588330000638962,,N/A (Too fast/Unstable),[4484.79777781501]
10000,1,TN (FD),0.0001,14,4.255354158058652e-06,True,9.61208612471819,1.4587332172243581,Superlinear,"[4484.79777781501, 1330.06818657224, 454.8424358391443, 147.08864068207757, 43.499988220364884, 20.748289157538032, 7.947684031018167, 3.4042358976837463, 0.9569692762163137, 0.4172278032055069, 0.15403368116076183, 0.038508086382441055, 0.0062538997625865515, 0.0002910391476275399, 4.255354158058652e-06]"
10000,1,MN (FD),1e-08,0,4484.79777781501,False,0.00030058296397328377,,N/A (Too fast/Unstable),[4484.79777781501]
10000,1,TN (FD),1e-08,14,4.255354152886507e-06,True,9.596407625358552,1.458733225031341,Superlinear,"[4484.79777781501, 1330.068177548808, 454.8424345269921, 147.08863955684623, 43.49998859397247, 20.748288870620353, 7.947684046448941, 3.4042359234893627, 0.9569693305161261, 0.4172278216387346, 0.15403369209893655, 0.038508089370869414, 0.0062539001345165, 0.00029103916643272843, 4.255354152886507e-06]"
10000,1,MN (FD),1e-12,0,4484.79777781501,False,0.00034970883280038834,,N/A (Too fast/Unstable),[4484.79777781501]
10000,1,TN (FD),1e-12,14,4.255534154328164e-06,True,9.572939124889672,1.458727703647772,Superlinear,"[4484.79777781501, 1330.1918993369127, 454.86039328892474, 147.1029102242222, 43.501733230889116, 20.750704295131552, 7.94869878302945, 3.404792766973799, 0.957040550335336, 0.4172739404488902, 0.15404192565520944, 0.03851132752072083, 0.006253504828632334, 0.0002910458057714297, 4.255534154328164e-06]"
10000,2,MN (Exact),,0,4561.93721875277,False,0.00034354068338871,,N/A (Too fast/Unstable),[4561.93721875277]
10000,2,TN (Exact),,14,1.6989289905441708e-07,True,0.047842999920248985,1.624100890552761,Superlinear,"[4561.93721875277, 1357.3222733348027, 461.16596461992407, 147.32923524669275, 41.358282005741515, 18.971327034471607, 6.56826352688736, 2.697690943545302, 0.691228256630496, 0.3065637220287319, 0.10822734030353574, 0.02686384364813266, 0.0015064396789410406, 4.465398206617982e-05, 1.6989289905441708e-07]"
10000,2,MN (FD),0.0001,0,4561.93721875277,False,0.0002885828725993633,,N/A (Too fast/Unstable),[4561.93721875277]
10000,2,TN (FD),0.0001,14,1.6989290174674915e-07,True,10.45517108310014,1.6241008841466014,Superlinear,"[4561.93721875277, 1357.3222742394698, 461.165964780286, 147.32923496928186, 41.35828146988839, 18.971327224593395, 6.568263441054197, 2.6976908799258714, 0.6912282096775295, 0.3065637062619729, 0.10822733386453454, 0.026863841931569873, 0.0015064395608934585, 4.4653979702178095e-05, 1.6989290174674915e-07]"
10000,2,MN (FD),1e-08,0,4561.93721875277,False,0.0004027080722153187,,N/A (Too fast/Unstable),[4561.93721875277]
10000,2,TN (FD),1e-08,14,1.6989290640886008e-07,True,10.402155166957527,1.6241008829732095,Superlinear,"[4561.93721875277, 1357.3222651578435, 461.1659633932847, 147.3292338137503, 41.358281764605636, 18.97132694250727, 6.568263439367349, 2.697690877850823, 0.6912282382578849, 0.30656371477165983, 0.10822733831832207, 0.026863842929355862, 0.0015064396426054812, 4.465398210529555e-05, 1.6989290640886008e-07]"
10000,2,MN (FD),1e-12,0,4561.93721875277,False,0.00034129200503230095,,N/A (Too fast/Unstable),[4561.93721875277]
10000,2,TN (FD),1e-12,14,1.7016379258995122e-07,True,10.138372083194554,1.6239707905610397,Superlinear,"[4561.93721875277, 1357.4518678001289, 461.1856468386217, 147.3429239585156, 41.36031570040106, 18.97339405920305, 6.569186384207191, 2.69823895275517, 0.691322737153431, 0.3066066828709117, 0.10823835972920946, 0.02686742309491273, 0.0015066212299606866, 4.465681266798408e-05, 1.7016379258995122e-07]"
10000,3,MN (Exact),,0,4503.659436477966,False,0.00027733296155929565,,N/A (Too fast/Unstable),[4503.659436477966]
10000,3,TN (Exact),,14,3.4452267878919248e-06,True,0.04211891582235694,1.4786845277127314,Superlinear,"[4503.659436477966, 1338.684758282866, 455.420841635974, 145.90173220673776, 41.11563176538307, 18.035902943000853, 6.248138212264695, 2.676158055143552, 0.8064281915876429, 0.3575295178828321, 0.13651781925421755, 0.03521127871428739, 0.005575976512627687, 0.00026235514276185586, 3.4452267878919248e-06]"
10000,3,MN (FD),0.0001,0,4503.659436477966,False,0.0003555002622306347,,N/A (Too fast/Unstable),[4503.659436477966]
10000,3,TN (FD),0.0001,14,3.445227038755948e-06,True,8.892034749966115,1.4786845093606302,Superlinear,"[4503.659436477966, 1338.6847591907688, 455.4208417749524, 145.90173191905518, 41.11563121677208, 18.035903133239813, 6.2481381308372805, 2.676157983093756, 0.8064281345240505, 0.3575295030782618, 0.13651780942248554, 0.0352112757914326, 0.005575976192407739, 0.0002623551218229745, 3.445227038755948e-06]"
10000,3,MN (FD),1e-08,0,4503.659436477966,False,0.0003192499279975891,,N/A (Too fast/Unstable),[4503.659436477966]
10000,3,TN (FD),1e-08,14,3.445226936316967e-06,True,9.544590041972697,1.4786845194790412,Superlinear,"[4503.659436477966, 1338.6847505526332, 455.4208405608712, 145.9017308328047, 41.11563161901124, 18.03590285667412, 6.248138130400925, 2.6761579955000943, 0.8064281724612336, 0.35752951126906973, 0.13651781699468013, 0.03521127781127656, 0.005575976497720742, 0.00026235513748994703, 3.445226936316967e-06]"
10000,3,MN (FD),1e-12,0,4503.659436477966,False,0.0003866669721901417,,N/A (Too fast/Unstable),[4503.659436477966]
10000,3,TN (FD),1e-12,15,2.4655098685644396e-06,True,9.74485620809719,1.3740145044431546,Superlinear,"[4503.659436477966, 1338.809822648359, 455.43832310001596, 145.91545844277573, 73.59240887287368, 34.82921229783814, 15.361175759058392, 5.114385886842284, 1.977438017276967, 0.9269089523630607, 0.4049378315091045, 0.19970974004068962, 0.03054900597898619, 0.004854826614323284, 0.00022753445802492804, 2.4655098685644396e-06]"
10000,4,MN (Exact),,0,4558.297798611798,False,0.0002933330833911896,,N/A (Too fast/Unstable),[4558.297798611798]
10000,4,TN (Exact),,14,3.7871038290078845e-06,True,0.04133966704830527,1.4829699651506445,Superlinear,"[4558.297798611798, 1351.8066198374863, 460.04037308400405, 146.60377585404154, 43.36420987571957, 19.415091539666548, 7.035508841198042, 3.032612678578103, 0.926971097630511, 0.40956336225331175, 0.15689236951057384, 0.04023422464256346, 0.006510392363158327, 0.00030017986248800666, 3.7871038290078845e-06]"
10000,4,MN (FD),0.0001,0,4558.297798611798,False,0.0005605421029031277,,N/A (Too fast/Unstable),[4558.297798611798]
10000,4,TN (FD),0.0001,14,3.787104074516373e-06,True,9.527947292197496,1.4829699491370842,Superlinear,"[4558.297798611798, 1351.8066207463212, 460.04037322796313, 146.60377559428167, 43.364209282746415, 19.41509172481912, 7.035508741303552, 3.0326125948374916, 0.9269710351726232, 0.40956334577434594, 0.1568923588147847, 0.040234221506805036, 0.006510392022649691, 0.0003001798400904887, 3.787104074516373e-06]"
10000,4,MN (FD),1e-08,0,4558.297798611798,False,0.00031179236248135567,,N/A (Too fast/Unstable),[4558.297798611798]
10000,4,TN (FD),1e-08,14,3.787104051805379e-06,True,9.455976124852896,1.4829699555601792,Superlinear,"[4558.297798611798, 1351.8066115356135, 460.0403719178311, 146.60377446779873, 43.36420975582372, 19.415091482307385, 7.035508762262074, 3.032612613140476, 0.9269710806300241, 0.40956335505604446, 0.15689236766928147, 0.040234223872258994, 0.006510392327549588, 0.000300179856781895, 3.787104051805379e-06]"
10000,4,MN (FD),1e-12,0,4558.297798611798,False,0.00035454099997878075,,N/A (Too fast/Unstable),[4558.297798611798]
10000,4,TN (FD),1e-12,14,3.7871325104155113e-06,True,9.53201320907101,1.4829642741250968,Superlinear,"[4558.297798611798, 1351.9331185638023, 460.0583016271064, 146.61745495448204, 43.36520894421714, 19.417076104243275, 7.036143216217141, 3.033025246927541, 0.9269889922935293, 0.4095945951414138, 0.15689008353506506, 0.04023451271284596, 0.006509835413626494, 0.00030016639606379676, 3.7871325104155113e-06]"
10000,5,MN (Exact),,0,4476.92088715295,False,0.0002898750826716423,,N/A (Too fast/Unstable),[4476.92088715295]
10000,5,TN (Exact),,15,1.529857939250051e-06,True,0.04198104236274958,1.4775770729111588,Superlinear,"[4476.92088715295, 1331.9053564740166, 448.34401658987645, 146.9380923991491, 46.57425618711982, 19.075174312721128, 7.550053056226155, 3.5096270411753094, 1.3891056469098073, 0.5473185774839235, 0.2532385493860367, 0.10673883093636835, 0.02550197577905956, 0.003699287161955741, 0.0001457945848928088, 1.529857939250051e-06]"
10000,5,MN (FD),0.0001,0,4476.92088715295,False,0.000324334017932415,,N/A (Too fast/Unstable),[4476.92088715295]
10000,5,TN (FD),0.0001,15,1.5298581770049737e-06,True,11.071416040882468,1.4775770731596705,Superlinear,"[4476.92088715295, 1331.9053573802275, 448.3440167283731, 146.93809210032086, 46.574255461705555, 19.07517443282714, 7.55005295204179, 3.5096269464449996, 1.389105596621422, 0.5473185735399547, 0.2532385429303547, 0.10673883099282203, 0.025501975856634634, 0.0036992875043496674, 0.00014579460010839338, 1.5298581770049737e-06]"
10000,5,MN (FD),1e-08,0,4476.92088715295,False,0.00032641738653182983,,N/A (Too fast/Unstable),[4476.92088715295]
10000,5,TN (FD),1e-08,15,1.5298581356801594e-06,True,9.681815666146576,1.477577060769546,Superlinear,"[4476.92088715295, 1331.9053483380576, 448.3440155115421, 146.93809109125573, 46.57425604138872, 19.07517421722109, 7.550052962464938, 3.5096269816661745, 1.3891056288628263, 0.5473185686564934, 0.25323854728991774, 0.10673882920827557, 0.02550197532823484, 0.0036992871966951488, 0.00014579458446570506, 1.5298581356801594e-06]"
10000,5,MN (FD),1e-12,0,4476.92088715295,False,0.0003021247684955597,,N/A (Too fast/Unstable),[4476.92088715295]
10000,5,TN (FD),1e-12,15,1.5288698058383006e-06,True,9.672740833833814,1.477686394041207,Superlinear,"[4476.92088715295, 1332.0297745190019, 448.3606953355545, 146.9514801352571, 46.57596587150774, 19.077272152792645, 7.550977824502405, 3.510095301644722, 1.3892558226053786, 0.5474044927897112, 0.25326232518806335, 0.10675682758315286, 0.02550631156356142, 0.003700304607440604, 0.00014585011155299337, 1.5288698058383006e-06]"
100000,0,MN (Exact),,0,1265.098415144055,False,0.009829416871070862,,N/A (Too fast/Unstable),[1265.098415144055]
100000,0,TN (Exact),,14,3.677133386450902e-06,True,0.38391087483614683,1.40047274602475,Superlinear,"[1265.098415144055, 284.90745985730194, 87.34875057552566, 88.70198725397677, 33.05226631026019, 11.841224863997663, 3.4284389895350684, 1.5977257778373317, 0.7099582654945067, 0.32377247391490954, 0.15454951911366147, 0.031239042781511305, 0.004367265889158969, 0.0002783247722001851, 3.677133386450902e-06]"
100000,0,MN (FD),0.0001,0,1265.098415144055,False,0.0023708329536020756,,N/A (Too fast/Unstable),[1265.098415144055]
100000,0,TN (FD),0.0001,14,3.6771302063852865e-06,True,88.87280200002715,1.4004726347891019,Superlinear,"[1265.098415144055, 284.9074627096951, 87.3487507108995, 88.70196152040985, 33.052259250864104, 11.841226328110576, 3.428439874468396, 1.5977265345125589, 0.7099584717392772, 0.3237725770800659, 0.1545496045543838, 0.031239048227375634, 0.004367264824042993, 0.0002783245526328477, 3.6771302063852865e-06]"
100000,0,MN (FD),1e-08,0,1265.098415144055,False,0.0024253749288618565,,N/A (Too fast/Unstable),[1265.098415144055]
100000,0,TN (FD),1e-08,14,3.6771340840190065e-06,True,89.26274862512946,1.400472760908437,Superlinear,"[1265.098415144055, 284.90745552041113, 87.34875059040876, 88.70198585506526, 33.05226567082131, 11.841224832201794, 3.428438884056559, 1.5977256832860371, 0.7099582500130557, 0.32377246572916857, 0.15454950986124485, 0.0312390442503176, 0.004367266217177516, 0.00027832479415057526, 3.6771340840190065e-06]"
100000,0,MN (FD),1e-12,0,1265.098415144055,False,0.0021372921764850616,,N/A (Too fast/Unstable),[1265.098415144055]
100000,0,TN (FD),1e-12,14,3.66640278233408e-06,True,89.90084466617554,1.400429485996994,Superlinear,"[1265.098415144055, 284.90755744227755, 87.34898920361364, 88.67970582000663, 33.04640010819047, 11.839946761901556, 3.429421488785954, 1.5985034634654707, 0.7100764280452284, 0.3238539997680614, 0.15463165071038373, 0.03123791537131919, 0.004361495086816082, 0.000277849722301394, 3.66640278233408e-06]"
100000,1,MN (Exact),,0,14272.035867143686,False,0.0027124579064548016,,N/A (Too fast/Unstable),[14272.035867143686]
100000,1,TN (Exact),,15,1.3185998705336751e-06,True,0.46412945818156004,1.4193452200809373,Superlinear,"[14272.035867143686, 4251.650703232267, 1444.693297583793, 465.00062680247777, 135.43928256365018, 57.86729247957203, 19.208030109625906, 8.061242538310895, 2.4361973539115414, 1.1252917840992296, 0.42117942024270083, 0.11089948432190842, 0.021722982826028955, 0.002899483565964532, 0.00013100780904720552, 1.3185998705336751e-06]"
100000,1,MN (FD),0.0001,0,14272.035867143686,False,0.0026483749970793724,,N/A (Too fast/Unstable),[14272.035867143686]
100000,1,TN (FD),0.0001,15,1.3186000169749519e-06,True,104.15246933326125,1.4193452117946634,Superlinear,"[14272.035867143686, 4251.650706072203, 1444.6932980212648, 465.000625918833, 135.43928067995833, 57.867293028639025, 19.208029916499584, 8.061242383213267, 2.43619724675299, 1.1252917705319452, 0.4211794049238042, 0.11089947904706317, 0.021722982153914522, 0.0028994834501045517, 0.00013100780923710207, 1.3186000169749519e-06]"
100000,1,MN (FD),1e-08,0,14272.035867143686,False,0.0021107918582856655,,N/A (Too fast/Unstable),[14272.035867143686]
100000,1,TN (FD),1e-08,15,1.3186000747648523e-06,True,104.49629145814106,1.4193452001349314,Superlinear,"[14272.035867143686, 4251.650677719292, 1444.69329420044, 465.00062236747, 135.43928201509797, 57.86729213304368, 19.208029830686407, 8.06124234529963, 2.436197305530718, 1.1252917652295669, 0.42117941549943594, 0.11089948177666697, 0.021722982538302252, 0.0028994834510163202, 0.0001310078036760168, 1.3186000747648523e-06]"
100000,1,MN (FD),1e-12,0,14272.035867143686,False,0.0022999169304966927,,N/A (Too fast/Unstable),[14272.035867143686]
100000,1,TN (FD),1e-12,15,1.3180244195603266e-06,True,103.32674079202116,1.4194024735822126,Superlinear,"[14272.035867143686, 4252.045545260173, 1444.7462235816806, 465.04565501670044, 135.44593514649608, 57.87453387544308, 19.211119604138013, 8.06290869803666, 2.4365192208536675, 1.1254858348047172, 0.42121677444891703, 0.11091389861178089, 0.021723229733877282, 0.0028998091956466666, 0.00013105218725295955, 1.3180244195603266e-06]"
100000,2,MN (Exact),,0,14210.333407160257,False,0.0023435410112142563,,N/A (Too fast/Unstable),[14210.333407160257]
100000,2,TN (Exact),,15,2.9297410133433064e-07,True,0.46428441582247615,1.8076782586940123,Quadratic,"[14210.333407160257, 4231.639364203717, 1433.52382528493, 463.6537793942232, 138.28936215283954, 56.55862923952052, 17.918385230667234, 7.455130423330647, 2.4523628508481914, 1.1769741658366673, 0.45349925745096425, 0.12229000001470304, 0.04060841911495047, 0.002176074563648808, 7.011504885442937e-05, 2.9297410133433064e-07]"
100000,2,MN (FD),0.0001,0,14210.333407160257,False,0.00247179064899683,,N/A (Too fast/Unstable),[14210.333407160257]
100000,2,TN (FD),0.0001,15,2.929741292584344e-07,True,107.00678745796904,1.807678268569877,Quadratic,"[14210.333407160257, 4231.639367050934, 1433.5238257317449, 463.6537784925929, 138.28936015587388, 56.55862974410382, 17.918385088606925, 7.45513031081554, 2.452362789813307, 1.1769741758673602, 0.45349924985486123, 0.12228999617193839, 0.0406084177133025, 0.0021760744447151524, 7.01150569804543e-05, 2.929741292584344e-07]"
100000,2,MN (FD),1e-08,0,14210.333407160257,False,0.002075458411127329,,N/A (Too fast/Unstable),[14210.333407160257]
100000,2,TN (FD),1e-08,15,2.929741260921133e-07,True,111.77014370821416,1.8076782335157209,Quadratic,"[14210.333407160257, 4231.639338781599, 1433.5238218913337, 463.65377484145085, 138.28936162486957, 56.558628897464445, 17.918384947917847, 7.455130243256371, 2.4523628153016146, 1.1769741515046717, 0.45349925472196323, 0.12228999728015763, 0.04060841706586593, 0.0021760744736376114, 7.011505161080283e-05, 2.929741260921133e-07]"
100000,2,MN (FD),1e-12,0,14210.333407160257,False,0.002341917250305414,,N/A (Too fast/Unstable),[14210.333407160257]
100000,2,TN (FD),1e-12,15,2.9302664231696536e-07,True,110.52845545765013,1.807688733667404,Quadratic,"[14210.333407160257, 4232.030798177761, 1433.5766770570929, 463.6989622562435, 138.29525549847122, 56.56523613983887, 17.921074403760187, 7.4565797243357785, 2.4526159739569513, 1.1771768640461748, 0.45352123353202006, 0.12230781090117442, 0.04061706835500657, 0.00217678368558751, 7.011818165712578e-05, 2.9302664231696536e-07]"
100000,3,MN (Exact),,0,14346.254503072503,False,0.0023300843313336372,,N/A (Too fast/Unstable),[14346.254503072503]
100000,3,TN (Exact),,15,3.504379289014833e-08,True,0.4684383333660662,1.586359231328523,Superlinear,"[14346.254503072503, 4265.847368504729, 1445.8827237280398, 465.89352582513925, 138.3144240107313, 59.653652324496925, 18.896849680336196, 7.671286847519629, 1.9263732452478564, 0.8535320311890434, 0.29695645736480164, 0.07380820055431929, 0.01535209652406251, 0.0005797781709691824, 1.1434916230626563e-05, 3.504379289014833e-08]"
100000,3,MN (FD),0.0001,0,14346.254503072503,False,0.002547292038798332,,N/A (Too fast/Unstable),[14346.254503072503]
100000,3,TN (FD),0.0001,15,3.504378548595874e-08,True,118.00731745781377,1.5863592700275955,Superlinear,"[14346.254503072503, 4265.847371377651, 1445.882724168089, 465.89352494658505, 138.31442206829527, 59.653652892967386, 18.896849508207907, 7.67128671824946, 1.9263731476464612, 0.85353200972974, 0.29695644828373713, 0.07380819827795938, 0.015352096352560756, 0.0005797781233161049, 1.1434916621475785e-05, 3.504378548595874e-08]"
100000,3,MN (FD),1e-08,0,14346.254503072503,False,0.002466249745339155,,N/A (Too fast/Unstable),[14346.254503072503]
100000,3,TN (FD),1e-08,15,3.5043783267006536e-08,True,116.31378958420828,1.5863592715526122,Superlinear,"[14346.254503072503, 4265.847342556591, 1445.8827203684975, 465.89352143352, 138.3144235312501, 59.653652008426995, 18.89684940664108, 7.671286657666497, 1.926373204903541, 0.8535320157921075, 0.29695645417303995, 0.07380819892490717, 0.015352096474324697, 0.0005797781416916173, 1.143491655903097e-05, 3.5043783267006536e-08]"
100000,3,MN (FD),1e-12,0,14346.254503072503,False,0.0024773748591542244,,N/A (Too fast/Unstable),[14346.254503072503]
100000,3,TN (FD),1e-12,15,3.509247518495651e-08,True,119.06666941707954,1.5861654724640442,Superlinear,"[14346.254503072503, 4266.246145584603, 1445.9349425886346, 465.9376878258332, 138.32062884965708, 59.660940250180154, 18.899886650332306, 7.67292700723091, 1.9266547062059174, 0.853672287627546, 0.29699064008772513, 0.07381972239859386, 0.015352790488709729, 0.0005799047272782784, 1.1434278770004813e-05, 3.509247518495651e-08]"
100000,4,MN (Exact),,0,14227.792960259638,False,0.002547916956245899,,N/A (Too fast/Unstable),[14227.792960259638]
100000,4,TN (Exact),,15,4.7538122709114907e-07,True,0.44769433280453086,1.5292239271580612,Superlinear,"[14227.792960259638, 4246.006792503497, 1444.8209514642663, 464.5598380145443, 134.79484664184625, 57.66372121691255, 19.166528870816, 7.952680154885049, 2.3065089961223073, 1.040060506010549, 0.38552401423960775, 0.0995356532146329, 0.020079104627064553, 0.00283113846321857, 0.00012018412932702279, 4.7538122709114907e-07]"
100000,4,MN (FD),0.0001,0,14227.792960259638,False,0.0019388329237699509,,N/A (Too fast/Unstable),[14227.792960259638]
100000,4,TN (FD),0.0001,15,4.75381222728136e-07,True,106.38380841584876,1.5292239336808102,Superlinear,"[14227.792960259638, 4246.006795333074, 1444.8209519160562, 464.55983713267403, 134.79484475839143, 57.66372177543254, 19.166528674467315, 7.952679990323044, 2.306508870392982, 1.0400604801029287, 0.3855239956107181, 0.09953564740240634, 0.020079103848218788, 0.0028311383434590754, 0.00012018412950087966, 4.75381222728136e-07]"
100000,4,MN (FD),1e-08,0,14227.792960259638,False,0.0022463337518274784,,N/A (Too fast/Unstable),[14227.792960259638]
100000,4,TN (FD),1e-08,15,4.753812280775092e-07,True,107.2306072912179,1.5292239289516922,Superlinear,"[14227.792960259638, 4246.006766684241, 1444.820948041169, 464.5598335085951, 134.7948461057697, 57.66372091282243, 19.166528602850256, 7.9526799705772655, 2.3065089509852776, 1.040060488146167, 0.38552400969926226, 0.09953565086653601, 0.020079104492839252, 0.0028311383890685937, 0.00012018412793966845, 4.753812280775092e-07]"
100000,4,MN (FD),1e-12,0,14227.792960259638,False,0.0038769999518990517,,N/A (Too fast/Unstable),[14227.792960259638]
100000,4,TN (FD),1e-12,15,4.755307786729439e-07,True,110.5143294162117,1.5291710822163458,Superlinear,"[14227.792960259638, 4246.399181211883, 1444.8736303450248, 464.6048656237135, 134.8007374346092, 57.670481293169324, 19.16932597725629, 7.954183509184327, 2.306753014496793, 1.040223555106654, 0.3855497727456397, 0.09954583317663833, 0.020078406052796836, 0.002831232744425251, 0.00012019537735633423, 4.755307786729439e-07]"
100000,5,MN (Exact),,0,14241.007600300705,False,0.0020987913012504578,,N/A (Too fast/Unstable),[14241.007600300705]
100000,5,TN (Exact),,15,1.2405162696462995e-06,True,0.39834812516346574,1.4159477348729934,Superlinear,"[14241.007600300705, 4232.452335202861, 1441.1073531490995, 464.64726989457444, 140.59762105738602, 59.37644214578028, 19.23073299589494, 7.947169343862299, 2.2751970926788894, 1.043723988689303, 0.3821476216556634, 0.09930323024747581, 0.01951868465313997, 0.0026772233919227667, 0.00011637315586707298, 1.2405162696462995e-06]"
100000,5,MN (FD),0.0001,0,14241.007600300705,False,0.001975749619305134,,N/A (Too fast/Unstable),[14241.007600300705]
100000,5,TN (FD),0.0001,15,1.2405163650370338e-06,True,104.7962498748675,1.4159477309884718,Superlinear,"[14241.007600300705, 4232.452338059161, 1441.1073535875223, 464.64726902045373, 140.59761901794144, 59.37644266761578, 19.230732823390838, 7.947169203829061, 2.2751969915395085, 1.0437239734100552, 0.38214760818067467, 0.09930322568080331, 0.01951868411477948, 0.0026772233028130726, 0.00011637315647992082, 1.2405163650370338e-06]"
100000,5,MN (FD),1e-08,0,14241.007600300705,False,0.0024993340484797955,,N/A (Too fast/Unstable),[14241.007600300705]
100000,5,TN (FD),1e-08,15,1.240516488500955e-06,True,102.93991145817563,1.4159477151804445,Superlinear,"[14241.007600300705, 4232.45230996136, 1441.107349785147, 464.64726551897274, 140.59762062748047, 59.376441848624346, 19.230732733779245, 7.9471691575742405, 2.275197055489509, 1.0437239724919032, 0.3821476188949986, 0.09930322826578644, 0.019518684574765237, 0.002677223326580732, 0.00011637315162936448, 1.240516488500955e-06]"
100000,5,MN (FD),1e-12,0,14241.007600300705,False,0.002337417099624872,,N/A (Too fast/Unstable),[14241.007600300705]
100000,5,TN (FD),1e-12,15,1.2397767409179706e-06,True,103.85865570791066,1.4159665600854299,Superlinear,"[14241.007600300705, 4232.840185944995, 1441.1595144449664, 464.69144003450816, 140.60256497536488, 59.383376559138405, 19.233633435062632, 7.948759091647696, 2.275435682181236, 1.0438854354357845, 0.3821715284856744, 0.09931521017993473, 0.019517275674388664, 0.0026770224340097602, 0.00011637930367107677, 1.2397767409179706e-06]"
